disease,support,roc_auc,precision,recall,f1,threshold,tn,fp,fn,tp
Atelectasis,210,0.6987016987941204,0.19362745098039216,0.3761904761904762,0.255663430420712,0.2978977859020233,1835,329,131,79
Cardiomegaly,61,0.7973960437441971,0.1896551724137931,0.18032786885245902,0.18487394957983194,1.2202303409576416,2266,47,50,11
Consolidation,94,0.6499113475177304,0.07253886010362694,0.2978723404255319,0.11666666666666667,0.3135991394519806,1922,358,66,28
Edema,35,0.7186709827154462,0.05747126436781609,0.14285714285714285,0.08196721311475409,0.9540984630584717,2257,82,30,5
Effusion,232,0.7138973405454135,0.19248826291079812,0.5301724137931034,0.28243398392652125,0.10601836442947388,1626,516,109,123
Emphysema,54,0.7126277139208174,0.039341262580054895,0.7962962962962963,0.07497820401046207,-0.5193755626678467,1270,1050,11,43
Fibrosis,68,0.6754502321310137,0.12307692307692308,0.11764705882352941,0.12030075187969924,0.8595610857009888,2249,57,60,8
Hernia,7,0.5020218480294525,0.0,0.0,0.0,-1.4338610172271729,2293,74,7,0
Infiltration,401,0.637592536651276,0.26303854875283444,0.2892768079800499,0.2755344418052256,0.23112723231315613,1648,325,285,116
Mass,75,0.5406002609830362,0.04608294930875576,0.13333333333333333,0.0684931506849315,0.4796997308731079,2092,207,65,10
Nodule,107,0.5576433921894389,0.04838709677419355,0.3364485981308411,0.0846063454759107,0.04517343267798424,1559,708,71,36
Pleural_Thickening,86,0.5855423646121322,0.06267029972752043,0.26744186046511625,0.10154525386313466,0.2587537467479706,1944,344,63,23
Pneumonia,43,0.5251663623756647,0.017948717948717947,0.16279069767441862,0.03233256351039261,0.21581479907035828,1948,383,36,7
Pneumothorax,125,0.6475233437083148,0.09423076923076923,0.392,0.15193798449612403,0.09320316463708878,1778,471,76,49
